Case Name,Country,beg yr,end yr,Regime type,,,,,
Afghanistan 29-73,Afghanistan,1930,1973,monarchy,,,,,
Afghanistan 73-78,Afghanistan,1974,1978,personal ,,,,,
Afghanistan 78-92,Afghanistan,1979,1992,sppersonal,,,,,
Afghanistan 92-96,Afghanistan,1993,1996,warlord,,,,,
Afghanistan 96-01,Afghanistan,1997,2001,sparty,,,,,
Afghanistan 01-09,Afghanistan,2002,2009,foreign-occupied,,,,,Provisional that do not end in democracy 
Afghanistan 09-NA,Afghanistan,2010,,personal,,,,,Benin 1970
Albania 44-91,Albania,1945,1991,sparty,,,,,Bolivia 1980
Albania 91-NA,Albania,1992,,democracy,,,,,Haiti 1957
Algeria 62-92,Algeria,1963,1992,spmilitary,,,,,Uganda 1980
Algeria 92-NA,Algeria,1993,,military,,,,,
Angola 75-NA,Angola,1976,,sparty,,,,,
Argentina 43-46,Argentina,1944,1946,military,,,,,
Argentina 46-51,Argentina,1947,1951,democracy,,,,,
Argentina 51-55,Argentina,1952,1955,personal ,,,,,
Argentina 55-58,Argentina,1956,1958,military,,,,,
Argentina 58-66,Argentina,1959,1966,indirect military,,,, ,
Argentina 66-73,Argentina,1967,1973,military,,,,,
Argentina 73-76,Argentina,1974,1976,democracy,,,,,
Argentina 76-83,Argentina,1977,1983,military,,,,,
Argentina 83-NA,Argentina,1984,,democracy,,,,,
Armenia 91-94,Armenia,1992,1994,democracy,,,,,
Armenia 94-98,Armenia,1995,1998,personal,,,,,
Armenia 98-NA,Armenia,1999,,personal,,,,,
Australia 01-NA,Australia,1902,,democracy,,,,,
Austria 45-NA,Austria,1946,,democracy,,,,,
Azerbaijan 91-92,Azerbaijan,1992,1992,personal,,,,,
Azerbaijan 92-93,Azerbaijan,1993,1993,democracy,,,,,
Azerbaijan 93-NA,Azerbaijan,1994,,personal,,,,,
Bangladesh 71-75,Bangladesh,1972,1975,sppersonal,,,,,
Bangladesh 75-82,Bangladesh,1976,1982,personal,,,,,
Bangladesh 82-90,Bangladesh,1983,1990,personal,,,,,
Bangladesh 90-07,Bangladesh,1991,2007,democracy,,,,,
Bangladesh 07-08,Bangladesh,2008,2008,military,,,,,
Bangladesh 08-NA,Bangladesh,2009,,democracy,,,,,
Belarus 91-94,Belarus,1992,1994,sparty,,,,,
Belarus 94-NA,Belarus,1995,,personal,,,,,
Belgium 20-NA,Belgium,1921,,democracy,,,,,
Benin 60-63,Benin,1961,1963,personal,,,,,
Benin 63-65,Benin,1964,1965,personal,,,,,
Benin 65-67,Benin,1966,1967,military,,,,,
Benin 67-69,Benin,1968,1969,military,,,,,
Benin 69-70,Benin,1970,1970,military,,,,,
Benin 70-72,Benin,1971,1972,provisional,,,,,
Benin 72-90,Benin,1973,1990,personal,,,,,
Benin 90-91,Benin,1991,1991,provisional,,,,,
Benin 91-NA,Benin,1992,,democracy,,,,,
Bolivia 43-46,Bolivia,1944,1946,spmilitary,,,,,
Bolivia 46-51,Bolivia,1947,1951,oligarchy,,,,,
Bolivia 51-52,Bolivia,1952,1952,military,,,,,
Bolivia 52-64,Bolivia,1953,1964,sparty,,,,,
Bolivia 64-69,Bolivia,1965,1969,personal,,,,,
Bolivia 69-71,Bolivia,1970,1971,military,,,,,
Bolivia 71-79,Bolivia,1972,1979,milpersonal,,,,,
Bolivia 79-80,Bolivia,1980,1980,provisional,,,,,
Bolivia 80-82,Bolivia,1981,1982,military,,,,,
Bolivia 82-NA,Bolivia,1983,,democracy,,,,,
Bosnia and Herzegovina 92-95,Bosnia and Herzegovina,1993,1995,walord,,,,,
Bosnia and Herzegovina 95-09,Bosnia and Herzegovina,1996,2009,foreign-occupied,,,,,
Botswana 66-NA,Botswana,1967,,sparty,,,,,
Brazil 45-64,Brazil,1946,1964,democracy,,,,,
Brazil 64-85,Brazil,1965,1985,military,,,,,
Brazil 85-NA,Brazil,1986,,democracy,,,,,
Bulgaria 44-90,Bulgaria,1945,1990,sparty,,,,,
Bulgaria 90-NA,Bulgaria,1991,,democracy,,,,,
Burkina Faso 60-66,Burkina Faso,1961,1966,personal,,,,,
Burkina Faso 66-80,Burkina Faso,1967,1980,personal,,,,,
Burkina Faso 80-82,Burkina Faso,1981,1982,military,,,,,
Burkina Faso 82-87,Burkina Faso,1983,1987,personal,,,,,
Burkina Faso 87-NA,Burkina Faso,1988,,personal,,,,,
Burundi 62-66,Burundi,1963,1966,monarchy,,,,,
Burundi 66-87,Burundi,1967,1987,spmilitary,,,,,
Burundi 87-93,Burundi,1988,1993,military,,,,,
Burundi 93-96,Burundi,1994,1996,democracy,,,,,
Burundi 96-03,Burundi,1997,2003,milpersonal,,,,,
Burundi 03-05,Burundi,2004,2005,provisional,,,,,
Burundi 05-NA,Burundi,2006,,democracy,,,,,
Cambodia 53-70,Cambodia,1954,1970,monarchy,,,,,
Cambodia 70-75,Cambodia,1971,1975,personal,,,,,
Cambodia 75-79,Cambodia,1976,1979,sparty,,,,,
Cambodia 79-NA,Cambodia,1980,,sparty,,,,,
Cameroon 60-83,Cameroon,1961,1983,sppersonal,,,,,
Cameroon 83-NA,Cameroon,1984,,personal,,,,,
Canada 21-NA,Canada,1922,,democracy,,,,,
Cen African Rep 60-65,Cen African Rep,1961,1965,personal ,,,,,
Cen African Rep 65-79,Cen African Rep,1966,1979,personal ,,,,,
Cen African Rep 79-81,Cen African Rep,1980,1981,personal,,,,,
Cen African Rep 81-93,Cen African Rep,1982,1993,milpersonal,,,,,
Cen African Rep 93-03,Cen African Rep,1994,2003,democracy,,,,,
Cen African Rep 03-NA,Cen African Rep,2004,,personal,,,,,
Chad 60-75,Chad,1961,1975,sppersonal,,,,,
Chad 75-79,Chad,1976,1979,military,,,,,
Chad 79-82,Chad,1980,1982,warlord,,,,,
Chad 82-90,Chad,1983,1990,personal,,,,,
Chad 90-NA,Chad,1991,,personal,,,,,
Chile 32-73,Chile,1933,1973,democracy,,,,,
Chile 73-89,Chile,1974,1989,milpersonal,,,,,
Chile 89-NA,Chile,1990, ,democracy,,,,,
China 46-49,China,1946,1949,warlord,,,,,
China 49-NA,China,1950,,sparty,,,,,
Colombia 34-49,Colombia,1935,1949,democracy,,,,,
Colombia 49-53,Colombia,1950,1953,sparty,,,,,
Colombia 53-58,Colombia,1954,1958,milpersonal,,,,,
Colombia 58-NA,Colombia,1959,,democracy,,,,,
Congo/Zaire 60-97,Congo/Zaire,1961,1997,personal,,,,,
Congo/Zaire 97-NA,Congo/Zaire,1998,,personal,,,,,
Congo-Brz 60-63,Congo-Brz,1961,1963,personal,,,,,
Congo-Brz 63-68,Congo-Brz,1964,1968,sppersonal,,,,,
Congo-Brz 68-91,Congo-Brz,1969,1991,spmilitary,,,,,
Congo-Brz 91-92,Congo-Brz,1992,1992,provisional,,,,,
Congo-Brz 92-97,Congo-Brz,1993,1997,democracy,,,,,
Congo-Brz  97-NA,Congo-Brz,1998,,personal,,,,,
Costa Rica 19-48,Costa Rica,1920,1948,democracy,,,,,
Costa Rica 48-49,Costa Rica,1949,1949,personal,,,,,
Costa Rica 49-NA,Costa Rica,1950,,democracy,,,,,
Croatia 91-NA,Croatia,1992,,democracy,,,,,
Cuba 44-52,Cuba,1945,1952,democracy,,,,,
Cuba 52-59,Cuba,1953,1959,personal,,,,,
Cuba 59-NA,Cuba,1960,,sppersonal,,,,,
Czech Republic 93-NA,Czech Republic,1993,,democracy,,,,,
Czechoslovakia 46-48,Czechoslovakia,1947,1948,democracy,,,,,
Czechoslovakia 48-89,Czechoslovakia,1949,1989,sparty,,,,,
Czechoslovakia 89-93,Czechoslovakia,1990,1993,democracy,, ,,,
Denmark 01-NA,Denmark,1902,,democracy,,,,,
Dominican Rep 30-62,Dominican Rep,1931,1962,personal,,,,,
Dominican Rep 62-63,Dominican Rep,1963,1963,democracy,,,,,
Dominican Rep 63-65,Dominican Rep,1964,1965,military,,,, ,
Dominican Rep 65-66,Dominican Rep,1966,1966,foreign-occupied,,,,,
Dominican Rep 66-78,Dominican Rep,1967,1978,personal,,,,,
Dominican Rep 78-NA,Dominican Rep,1979,,democracy,,,,,
Ecuador 44-47,Ecuador,1945,1947,personal,,,,,
Ecuador 47-48,Ecuador,1948,1948,provisional,,,,,
Ecuador 48-63,Ecuador,1949,1963,democracy,,,,,
Ecuador 63-66,Ecuador,1964,1966,military,,,,,
Ecuador 66-68,Ecuador,1967,1968,provisional,,,,,
Ecuador 68-70,Ecuador,1969,1970,democracy,,,,,
Ecuador 70-72,Ecuador,1971,1972,personal,,,,,
Ecuador 72-79,Ecuador,1973,1979,military,,,,,
Ecuador 79-NA,Ecuador,1980, ,democracy,,,,,
Egypt 22-52,Egypt,1923,1952,monarchy,,,,,
Egypt 52-NA,Egypt,1953,,tthreat,,,,,
El Salvador 31-48,El Salvador,1932,1948,milpersonal,,,,,
El Salvador 48-82,El Salvador,1949,1982,spmilitary,,,,,
El Salvador 82-94,El Salvador,1983,1994,indirect military,,,,,
El Salvador 94-NA,El Salvador,1995,,democracy,,,,,
Eritrea 93-NA,Eritrea,1994,,sppersonal,,,,,
Estonia 91-NA,Estonia,1992,,democracy,,,,,
Ethiopia 1889-1974,Ethiopia,1890,1974,monarchy,,,,,
Ethiopia 74-91,Ethiopia,1975,1991,milpersonal,,,,,
Ethiopia 91-NA,Ethiopia,1992,,sparty,,,,,
Finland 45-NA,Finland,1945,,democracy,,,,,
France 1875-NA,France,1876,,democracy,,,,,
Gabon 60-NA,Gabon,1961,,sppersonal,,,,,
Gambia 65-94,Gambia,1966,1994,sparty,,,,,
Gambia 94-NA,Gambia,1995,,personal,,,,,
Georgia 91-92,Georgia,1992,1992,personal,,,,,
Georgia 92-03,Georgia,1993,2003,personal,,,,,
Georgia 03-04,Georgia,2004,2004,provisional,,,,,
Georgia 04-NA,Georgia,2005,,democracy,,,,,
Germany 49-NA,Germany   ,1950, ,democracy ,,,,,
"Germany, East 49-90",Germany East,1950,1990,sparty,,,,,
Ghana 56-60,Ghana,1957,1960,democracy,,,,,
Ghana 60-66,Ghana,1961,1966,sppersonal,,,,,
Ghana 66-69,Ghana,1967,1969,military,,,,,
Ghana 69-72,Ghana,1970,1972,democracy,,,,,
Ghana 72-79,Ghana,1973,1979,military,,,,,
Ghana 79-81,Ghana,1980,1981,democracy,,,,,
Ghana 81-00,Ghana,1982,2000,personal,,,,,
Ghana 00-NA,Ghana,2001,,democracy,,,,,
Greece 44-46,Greece,1945,1946,foreign-occupied,,, ,,
Greece 47-67,Greece,1947,1967,democracy,,,,,
Greece 67-74,Greece,1968,1974,military,,,,,
Greece 74-NA,Greece,1975,,democracy,,,,,
Guatemala 44-54,Guatemala,1945,1954,democracy,,,,,
Guatemala 54-58,Guatemala,1955,1958,personal,,,,,
Guatemala 58-63,Guatemala,1959,1963,personal,,,,,
Guatemala 63-66,Guatemala,1964,1966,military,,,,,
Guatemala 66-70,Guatemala,1967,1970,indirect military,,,,,
Guatemala 70-85,Guatemala,1971,1985,military,,,,,
Guatemala 85-95,Guatemala,1986,1995,indirect military,,,,,
Guatemala 95-NA,Guatemala,1996,,democracy,,,,,
Guinea 58-84,Guinea,1959,1984,sparty,,,,,
Guinea 84-08,Guinea ,1985,2008,personal,,,,,
Guinea 08-10,Guinea,2009,2010,personal,,,,,
Guinea Bissau 74-80,Guinea Bissau,1975,1980,sparty,,,,,
Guinea Bissau 80-99,Guinea Bissau,1981,1999,personal,,,,,
Guinea Bissau 99-00,Guinea Bissau,2000,2000,provisional,,,,,
Guinea Bissau 00-02,Guinea Bissau,2001,2002,democracy,,,,,
Guinea Bissau 02-03,Guinea Bissau,2003,2003,personal,,,,,
Guinea Bissau 03-05,Guinea Bissau,2004,2005,provisional,,,,,
Guinea Bissau 05-NA,Guinea Bissau,2006,,democracy,,,,,
Haiti 41-46,Haiti,1942,1946,personal,,,,,
Haiti 46-50,Haiti,1947,1950,democracy,,,,,
Haiti 50-56,Haiti,1951,1956,personal,,,,,
Haiti 56-57,Haiti,1957,1957,provisional,,,,,
Haiti 57-86,Haiti,1958,1986,personal,,,,,
Haiti 86-88,Haiti,1987,1988,military,,,,,
Haiti 88-90,Haiti,1989,1990,milpersonal,,,,,
Haiti 90-91,Haiti,1991,1991,democracy,,,,,
Haiti 91-94,Haiti,1992,1994,military,,,,,
Haiti 94-99,Haiti,1995,1999,democracy,,,,,
Haiti 99-04,Haiti,2000,2004,personal,,,,,
Haiti 04-06,Haiti,2005,2006,provisional,,,,,
Haiti 06-NA,Haiti,2007,,democracy,,,,,
Honduras 33-56,Honduras,1934,1956,sppersonal,,,,,
Honduras 56-57,Honduras,1957,1957,provisional,,,,,
Honduras 57-63,Honduras,1958,1963,democracy,,,,,
Honduras 63-71,Honduras,1964,1971,spmilitary,,,,,
Honduras 71-72,Honduras,1972,1972,democracy,,,,,
Honduras 72-81,Honduras,1973,1981,military,,,,,
Honduras 81-NA,Honduras,1982,,democracy,,,,,
Hungary 45-47,Hungary,1946,1947,democracy,,,,,
Hungary 47-90,Hungary,1948,1990,sparty,,,,,
Hungary 90-NA,Hungary,1991,,democracy,,,,,
Iceland 45-NA,Iceland,1946,,democracy,,,,,
India 47-NA,India,1948,,democracy,,,,,
Indonesia 49-66,Indonesia,1950,1966,personal,,,,,
Indonesia 66-99,Indonesia,1967,1999,tthreat,,,,,
Indonesia 99-NA,Indonesia,2000,,democracy,,,,,
Iran 25-79,Iran,1926,1979,monarchy,,,,,
Iran 79-NA,Iran,1980,, ,,,,,
Iraq 32-58,Iraq,1933,1958,monarchy ,,,,,
Iraq 58-63,Iraq,1959,1963,personal,,,,,
Iraq 63-68,Iraq,1964,1968,personal,,,,,
Iraq 68-79,Iraq,1969,1979,sppersonal,,,,,
Iraq 79-03,Iraq,1980,2003,personal,,,,,
Iraq 03-10,Iraq,2004,2010,foreign-occupied,, ,,,
Ireland 21-NA,Ireland,1922,,democracy,,,,,
Israel 48-NA,Israel,1949,,democracy,,,,,
Italy 46-NA,Italy,1947,,democracy,,,,,
Ivory Coast 60-99,Ivory Coast,1961,1999,sparty,,,,,
Ivory Coast 99-00,Ivory Coast,2000,2000,personal,,,,,
Ivory Coast 00-NA,Ivory Coast,2001,,personal,,,,,
Japan 46-NA,Japan,1947,,democracy,,,,,
Jordan 46-NA,Jordan,1947,,monarchy,,,,,
Kazakhstan 91-NA,Kazakhstan,1992,,personal,,,,,
Kenya 63-02,Kenya,1964,2002,sparty,,,,,
Kenya 02-NA,Kenya,2003,,democracy,,,,,
Korea North 48-NA,Korea North,1949,,sppersonal,,,,,
"Korea, South 48-60",Korea South,1949,1960,personal,,,,,
"Korea, South 60-61",Korea South,1961,1961,democracy,,,,,
"Korea, South 61-87",Korea South,1962,1987,military,,,,,
"Korea, South 87-NA",Korea South,1988, ,democracy,,,,,
Kuwait 61-NA,Kuwait,1962,,monarchy,,,,,
Kyrgyzstan 91-05,Kyrgyzstan,1992,2005,personal,,,,,
Kyrgyzstan 05-10,Kyrgyzstan,2006,2010,personal,,,,,
Laos 53-59,Laos,1954,1959,democracy,,,,,
Laos 59-60,Laos,1960,1960,personal,,,,,
Laos 60-62,Laos,1961,1962,personal,,,,,
Laos 62-73,Laos,1963,1973,warlord,,,,,
Laos 73-75,Laos,1974,1975,provisional,,,,,
Laos 75-NA,Laos,1976,,sparty,,,,,
Latvia 91-NA,Latvia,1992,,democracy,,,,,
Lebanon 43-76,Lebanon,1944,1976,democracy, , ,,,
Lebanon 76-05,Lebanon,1977,2005,warlord/foreign-occupied,,,,,
Lebanon 05-NA,Lebanon,2006, ,democracy,,,,,
Lesotho 65-70,Lesotho,1966,1970,democracy,,,,,
Lesotho 70-86,Lesotho,1971,1986,sparty,,,,,
Lesotho 86-93,Lesotho,1987,1993,military,,,,,
Lesotho 93-NA,Lesotho,1994, ,democracy,,,,,
Liberia 44-80,Liberia,1945,1980,sppersonal,,,,,
Liberia 80-90,Liberia,1981,1990,personal,,,,,
Liberia 90-97,Liberia,1991,1997,warlord,,,,,
Liberia 97-03,Liberia,1998,2003,personal ,,,,,
Liberia 03-05,Liberia,2004,2005,provisional,, ,,,
Liberia 05-NA,Liberia,2006,,democracy,,,,,
Libya 51-69,Libya,1952,1969,monarchy,,,,,
Libya 69-NA,Libya,1970,,personal,,,,,
Lietchtenstein 1870-NA,Lietchtenstein,1871,,democracy,,,,,
Lithuania 91-NA,Lithuania,1992,,democracy,,,,,
Luxemburg 1870-NA,Luxemburg,1871,,democracy,,,,,
Macedonia 91-NA,Macedonia,1992,,democracy,,,,,
Madagascar 60-72,Madagascar,1961,1972,sparty,,,,,
Madagascar 72-75,Madagascar,1973,1975,military,,,,,
Madagascar 75-93,Madagascar,1976,1993,personal,,,,,
Madagascar 93-09,Madagascar,1994,2009,democracy,,,,,
Madagascar 09-NA,Madagascar,2010,,personal,,,,,
Malawi 64-94,Malawi,1965,1994,personal,,,,,
Malawi 94-NA,Malawi,1995,,democracy,,,,,
Malaysia 57-NA,Malaysia,1958,,sparty,,,,,
Mali 60-68,Mali,1961,1968,sparty,,,,,
Mali 68-91,Mali,1969,1991,personal,,,,,
Mali 91-92,Mali,1992,1992,provisional,,,,,
Mali 92-NA,Mali,1993,,democracy,,,,,
Mauritania 60-78,Mauritania,1961,1978,personal,,,,,
Mauritania 78-05,Mauritania,1979,2005,personal ,,,,,
Mauritania 05-07,Mauritania,2006,2007,military,,,,,
Mauritania 07-08,Mauritania,2008,2008,democracy,,,,,
Mauritania 08-NA,Mauritania,2009,,personal,,,,,
Mauritius 68-NA,Mauritius,1969,,democracy,,,,,
Mexico 15-00,Mexico,1916,2000,sparty,,,,,
Mexico 00-NA,Mexico,2001,,democracy,,,,,
Moldova 91-NA,Moldova,1992,,democracy,,,,,
Mongolia 21-93,Mongolia,1922,1993,sparty,,,,,
Mongolia 93-NA,Mongolia,1994,,democracy,,,,,
Montenegro 06-NA,Montenegro,2007, ,democracy,,,,,
Morocco 56-NA,Morocco,1957,,monarchy,,,,,
Mozambique 75-NA,Mozambique,1976,,sparty,,,,,
Myanmar 48-58,Myanmar,1949,1958,democracy,,,,,
Myanmar 58-60,Myanmar,1959,1960,military,,,,,
Myanmar 60-62,Myanmar,1961,1962,democracy,,,,,
Myanmar 62-88,Myanmar,1963,1988,milpersonal,,,,,
Myanmar 88-NA,Myanmar,1989,,military,,,,,
Namibia 90-NA,Namibia,1991,,sparty,,,,,
Nepal 1846-1951,Nepal,1847,1951,monarchy,,,,,
Nepal 51-91,Nepal,1952,1991,monarchy,,,,,
Nepal 91-02,Nepal,1992,2002,democracy,,,,,
Nepal 02-06,Nepal,2003,2006,monarchy,,,,,
Nepal 06-NA,Nepal,2007, ,democracy,,,,,
Netherlands 1870-NA,Netherlands,1871,,democracy,,,,,
New Zealand 07-NA,New Zealand,1908,,democracy,,,,,
Nicaragua 36-79,Nicaragua,1937,1979,personal,,,,,
Nicaragua 79-90,Nicaragua,1980,1990,sparty,,,,,
Nicaragua 90-NA,Nicaragua,1991,,democracy,,,,,
Niger 60-74,Niger,1961,1974,sparty,,,,,
Niger 74-91,Niger,1975,1991,milpersonal,,,,,
Niger 91-93,Niger,1992,1993,provisional,,,,,
Niger 93-96,Niger,1994,1996,democracy,,,,,
Niger 96-99,Niger,1997,1999,personal,,,,,
Niger 99-NA,Niger,2000,,democracy,,,,,
Nigeria 60-66,Nigeria,1961,1966,democracy,,,,,
Nigeria 66-79,Nigeria,1967,1979,military,,,,,
Nigeria 79-83,Nigeria,1980,1983,democracy,,,,,
Nigeria 83-93,Nigeria,1984,1993,military,,,,,
Nigeria 93-99,Nigeria,1994,1999,milpersonal,,,,,
Nigeria 99-NA,Nigeria,2000,,democracy,,,,,
Norway 1885-NA,Norway,1886,,democracy,,,,,
Oman 1741-NA,Oman,1742,,monarchy,,,,,
Pakistan 47-58,Pakistan,1948,1958,oligarchy,,,,,
Pakistan 58-71,Pakistan,1959,1971,milpersonal,,,,,
Pakistan 71-75,Pakistan,1972,1975,democracy,,,,,
Pakistan 75-77,Pakistan,1976,1977,personal,,,,,
Pakistan 77-88,Pakistan,1978,1988,milpersonal,,,,,
Pakistan 88-99,Pakistan,1989,1999,democracy,,,,,
Pakistan 99-08,Pakistan,2000,2008,milpersonal,,,,,
Pakistan 08-NA,Pakistan,2009,,democracy,,,,,
Panama 45-49,Panama,1946,1949,democracy,,,,,
Panama 49-51,Panama,1950,1951,personal,,,,,
Panama 51-52,Panama,1952,1952,provisional,,,,,
Panama 52-53,Panama,1953,1953,democracy,,,,,
Panama 53-55,Panama,1954,1955,personal,,,,,
Panama 55-68,Panama,1956,1968,democracy,,,,,
Panama 68-82,Panama,1969,1982,milpersonal,,,,,
Panama 82-89,Panama,1983,1989,milpersonal,,,,,
Panama 89-NA,Panama,1990,,democracy,,,,,
Paraguay 40-48,Paraguay,1940,1948,personal,,,,,
Paraguay 48-54,Paraguay,1949,1954,sparty,,,,,
Paraguay 54-93,Paraguay,1955,1993,tthreat,,,,,
Paraguay 93-NA,Paraguay,1994,,democracy,,,,,
Peru 45-48,Peru,1946,1948,democracy,,,,,
Peru 48-56,Peru,1949,1956,milpersonal,,,,,
Peru 56-62,Peru,1957,1962,democracy,,,,,
Peru 62-63,Peru,1963,1963,military,,,,,
Peru 63-68,Peru,1964,1968,democracy,,,,,
Peru 68-80,Peru,1969,1980,military,,,,,
Peru 80-92,Peru,1981,1992,democracy,,,,,
Peru 92-00,Peru,1993,2000,personal ,,,,,
Peru 00-01,Peru,2001,2001,provisional,,,,,
Peru 01-NA,Peru,2002,,democracy,,,,,
Philippines 46-72,Philippines,1947,1972,democracy,,,,,
Philippines 72-86,Philippines,1973,1986,personal,,,,,
Philippines 86-NA,Philippines,1987,,democracy,,,,,
Poland 44-89,Poland,1945,1989,sparty,,,,,
Poland 89-NA,Poland,1990,,democracy,,,,,
Portugal 26-74,Portugal,1927,1974,personal,,,,,
Portugal 74-76,Portugal,1975,1976,provisional,,,,,
Portugal 76-NA,Portugal,1977,,democracy,,,,,
Romania 45-89,Romania,1946,1989,sppersonal,,,,,
Romania 89-90,Romania,1990,1990,provisional,,,,,
Romania 90-NA,Romania,1991,,democracy,,,,,
Russia 91-93,Russia,1992,1993,democracy,,,,,
Russia 93-NA,Russia,1994,,personal,,,,,
Rwanda 62-73,Rwanda,1963,1973,sparty,,,,,
Rwanda 73-94,Rwanda,1974,1994,milpersonal,,,,,
Rwanda 94-NA,Rwanda,1995,,spmilitary,,,,,
Saudi Arabia 27-NA,Saudi Arabia,1928,,monarchy,,,,,
Senegal 60-00,Senegal,1961,2000,sparty,,,,,
Senegal 00-NA,Senegal,2001,,democracy,,,,,
Serbia 91-00,Serbia,1992,2000,sppersonal,,,,,
Serbia 00-NA,Serbia,2001,,democracy,,,,,
Sierra Leone 61-67,Sierra Leone,1962,1967,democracy,,,,,
Sierra Leone 67-68,Sierra Leone,1968,1968,military,,,,,
Sierra Leone 68-92,Sierra Leone,1969,1992,sparty,,,,,
Sierra Leone 92-96,Sierra Leone,1993,1996,milpersonal,,,,,
Sierra Leone 96-97,Sierra Leone,1997,1997,democracy,,,,,
Sierra Leone 97-98,Sierra Leone,1998,1998,personal,,,,,
Sierra Leone 98-NA,Sierra Leone,1999,,democracy,,,,,
Singapore 65-NA,Singapore,1966,,sparty,,,,,
Slovakia 93-NA,Slovakia,1993,,democracy,,,,,
Slovenia 91-NA,Slovenia,1992,,democracy,,,,,
Somalia 60-69,Somalia,1961,1969,democracy,,,,,
Somalia 69-91,Somalia,1970,1991,personal,,,,,
Somalia 91-NA,Somalia,1992,,warlord,,,,,
South Africa 10-94,South Africa,1911,1994,oligarchy,,,,,
South Africa 94-NA,South Africa,1995, ,democracy,,,,,
South Vietnam 54-63,South Vietnam,1955,1963,personal,,,,,
South Vietnam 63-75,South Vietnam,1964,1975,military,,,,,
South Yemen 67-90,South Yemen,1968,1990,sparty,,,,,
Soviet Union 17-91,Soviet Union,1918,1991,sparty,,,,,
Spain 39-76,Spain,1940,1976,personal,,,,,
Spain 76-77,Spain,1977,1977,provisional,,,,,
Spain 77-NA,Spain,1978,,democracy,,,,,
Sri Lanka 48-78,Sri Lanka,1949,1978,democracy,,,,,
Sri Lanka 78-94,Sri Lanka,1979,1994,sparty,,,,,
Sri Lanka 94-NA,Sri Lanka,1995,,democracy,,,,,
Sudan 56-58,Sudan,1956,1958,democracy,,,,,
Sudan 58-64,Sudan,1959,1964,military,,,,,
Sudan 64-65,Sudan,1965,1965,provisional,,,,,
Sudan 65-69,Sudan,1966,1969,democracy,,,,,
Sudan 69-85,Sudan,1970,1985,personal,,,,,
Sudan 85-86,Sudan,1986,1986,military,,,,,
Sudan 86-89,Sudan,1987,1989,democracy,,,,,
Sudan 89-NA,Sudan,1990,,personal,,,,,
Swaziland 68-NA,Swaziland,1969,,monarchy,,,,,
Sweden 19-NA,Sweden,1920,,democracy,,,,,
Switzerland 1870-NA,Switzerland,1871,,democracy,,,,,
Syria 46-47,Syria,1947,1947,oligarchy,,,,,
Syria 47-49,Syria,1948,1949,democracy,,,,,
Syria 49-51,Syria,1950,1951,indirect military,,,,,
Syria 51-54,Syria,1952,1954,military,,,,,
Syria 54-57,Syria,1955,1957,democracy,,,,,
Syria 57-58,Syria,1958,1958,personal,,,,,
Syria 58-61,Syria,1959,1961,not-independent,,,,,
Syria 61-62,Syria,1962,1962,democracy,,,,,
Syria 62-63,Syria,1963,1963,indirect military,,,,,
Syria 63-NA,Syria,1964,,tthreat,,,,,
Taiwan 49-00,Taiwan,1950,2000,sparty,,,,,
Taiwan 00-NA,Taiwan,2001,,democracy,,,,,
Tajikistan 91-NA,Tajikistan,1992,,personal,,,,,
Tanzania 60-64,Tanzania,1961,1964,democracy,,,,,
Tanzania 64-NA,Tanzania,1965,,sparty,,,,,
Thailand 44-47,Thailand,1945,1947,personal,,,,,
Thailand 47-57,Thailand,1948,1957,milpersonal,,,,,
Thailand 57-73,Thailand,1958,1973,milpersonal,,,,,
Thailand 73-75,Thailand,1974,1975,provisional,,,,,
Thailand 75-76,Thailand,1976,1976,democracy,,,,,
Thailand 76-88,Thailand,1977,1988,milpersonal,,,,,
Thailand 88-91,Thailand,1989,1991,democracy,,,,,
Thailand 91-92,Thailand,1992,1992,military,,,,,
Thailand 92-06,Thailand,1993,2006,democracy,,,,,
Thailand 06-07,Thailand,2007,2007,military,,,,,
Thailand 07-NA,Thailand,2008,,democracy,,,,,
Togo 60-63,Togo,1961,1963,personal,,,,,
Togo 67-NA,Togo,1964,,personal,,,,,
Tunisia 56-NA,Tunisia,1957,,sparty,,,,,
Turkey 23-50,Turkey,1924,1950,sparty,,,,,
Turkey 50-57,Turkey,1951,1957,democracy,,,,,
Turkey 57-60,Turkey,1958,1960,sparty,,,,,
Turkey 60-61,Turkey,1961,1961,military,,,,,
Turkey 61-80,Turkey,1962,1980,democracy,,,,,
Turkey 80-83,Turkey,1981,1983,military,,,,,
Turkey 83-NA,Turkey,1984,,democracy,,,,,
Turkmenistan 91-NA,Turkmenistan,1992,,sppersonal,,,,,
UAE 71-NA,UAE,1972,,monarchy,,,,,
Uganda 62-66,Uganda,1963,1966,democracy,,,,,
Uganda 66-71,Uganda,1967,1971,personal,,,,,
Uganda 71-79,Uganda,1972,1979,personal,,,,,
Uganda 79-80,Uganda,1980,1980,provisional,,,,,
Uganda 80-85,Uganda,1981,1985,personal,,,,,
Uganda 85-86,Uganda,1986,1986,warlord,,,,,
Uganda 86-NA,Uganda,1987,,personal,,,,,
UK 11-NA,UK,1912,,democracy,,,,,
Ukraine 91-NA,Ukraine,1992,,democracy,,,,,
Uruguay 42-73,Uruguay,1943,1973,democracy,, ,,,
Uruguay 73-84,Uruguay,1974,1984,military,,,,,
Uruguay 84-NA,Uruguay,1985,,democracy,,,,,
USA 1871-NA,USA,1872,,democracy,,,,,
Uzbekistan 91-NA,Uzbekistan,1992,,sppersonal,,,,,
Venezuela 45-47,Venezuela,1946,1947,provisional,, ,,,
Venezuela 47-48,Venezuela,1948,1948,democracy,,,,,
Venezuela 48-58,Venezuela,1949,1958,milpersonal,,,,,
Venezuela 58-05,Venezuela,1959,2005,democracy,,,,,
Venezuela 05-NA,Venezuela,2006,,personal,,,,,
Vietnam 54-NA,Vietnam,1955,,sparty,,,,,
Yemen 18-62,Yemen,1919,1962,monarchy,,,,,
Yemen 62-67,Yemen,1963,1967,military,,,,,
Yemen 67-74,Yemen,1968,1974,personal,,,,,
Yemen 74-78,Yemen,1975,1978,military,,,,,
Yemen 78-NA,Yemen,1979,,personal,,,,,
Yugoslavia 45-90,Yugoslavia,1946,1990,sparty,,,,,
Zambia 64-67,Zambia,1965,1967,democracy,,,,,
Zambia 67-91,Zambia,1968,1991,sparty,,,,,
Zambia 91-96,Zambia,1992,1996,democracy,,,,,
Zambia 96-NA,Zambia,1997,,sparty,,,,,
Zimbabwe 65-80,Zimbabwe,1966,1980,not-independent,,,,,
Zimbabwe 80-NA,Zimbabwe,1981,,sparty,,,,,
,,,,,,,,,
,,,,,,,,,
,,,,,,,,,
,,,,,,,,,
,,,,,,,,,
,,,,,,,,,
,,,,,,,,,
,,,,,,,,,
,,,,,,,,,
,,,,,,,,,
,,,,,,,,,
,,,,,,,,,
,,,,,,,,,
,,,,,,,,,
,,,,,,,,,
,,,,,,,,,
,,,,,,,,,
,,,,,,,,,
,,,,,,,,,
,,,,,,,,,
,,,,,,,,,
,,,,,,,,,
,,,,,,,,,
,,,,,,,,,
,,,,, ,,,,
